,0
1forge.com,financial
6-dot-authentiqio.appspot.com,security
adafruit.com,iot
adobe.com:aem,marketing
adyen.com:CheckoutService,payment
adyen.com:PaymentService,payment
adyen.com:RecurringService,payment
afterbanks.com,financial
agco-ats.com,ecommerce
airport-web.appspot.com,transport
amazonaws.com:AWSMigrationHub,cloud
amazonaws.com:acm,cloud
amazonaws.com:acm-pca,cloud
amazonaws.com:alexaforbusiness,cloud
amazonaws.com:apigateway,cloud
amazonaws.com:application-autoscaling,cloud
amazonaws.com:appstream,cloud
amazonaws.com:appsync,cloud
amazonaws.com:athena,cloud
amazonaws.com:autoscaling,cloud
amazonaws.com:autoscaling-plans,cloud
amazonaws.com:batch,cloud
amazonaws.com:budgets,cloud
amazonaws.com:ce,cloud
amazonaws.com:cloud9,cloud
amazonaws.com:clouddirectory,cloud
amazonaws.com:cloudformation,cloud
amazonaws.com:cloudfront,cloud
amazonaws.com:cloudhsm,cloud
amazonaws.com:cloudhsmv2,cloud
amazonaws.com:cloudsearch,cloud
amazonaws.com:cloudsearchdomain,cloud
amazonaws.com:cloudtrail,cloud
amazonaws.com:codebuild,cloud
amazonaws.com:codecommit,cloud
amazonaws.com:codedeploy,cloud
amazonaws.com:codepipeline,cloud
amazonaws.com:codestar,cloud
amazonaws.com:cognito-identity,cloud
amazonaws.com:cognito-idp,cloud
amazonaws.com:cognito-sync,cloud
amazonaws.com:comprehend,cloud
amazonaws.com:config,cloud
amazonaws.com:connect,cloud
amazonaws.com:cur,cloud
amazonaws.com:datapipeline,cloud
amazonaws.com:dax,cloud
amazonaws.com:devicefarm,cloud
amazonaws.com:directconnect,cloud
amazonaws.com:discovery,cloud
amazonaws.com:dms,cloud
amazonaws.com:ds,cloud
amazonaws.com:dynamodb,cloud
amazonaws.com:ec2,cloud
amazonaws.com:ecr,cloud
amazonaws.com:ecs,cloud
amazonaws.com:elasticache,cloud
amazonaws.com:elasticbeanstalk,cloud
amazonaws.com:elasticfilesystem,cloud
amazonaws.com:elasticloadbalancing,cloud
amazonaws.com:elasticloadbalancingv2,cloud
amazonaws.com:elasticmapreduce,cloud
amazonaws.com:elastictranscoder,cloud
amazonaws.com:email,cloud
amazonaws.com:entitlement.marketplace,cloud
amazonaws.com:es,cloud
amazonaws.com:events,cloud
amazonaws.com:firehose,cloud
amazonaws.com:fms,cloud
amazonaws.com:gamelift,cloud
amazonaws.com:glacier,cloud
amazonaws.com:glue,cloud
amazonaws.com:greengrass,cloud
amazonaws.com:guardduty,cloud
amazonaws.com:health,cloud
amazonaws.com:iam,cloud
amazonaws.com:importexport,cloud
amazonaws.com:inspector,cloud
amazonaws.com:iot,cloud
amazonaws.com:iot-data,cloud
amazonaws.com:iot-jobs-data,cloud
amazonaws.com:iot1click-devices,cloud
amazonaws.com:iot1click-projects,cloud
amazonaws.com:iotanalytics,cloud
amazonaws.com:kinesis,cloud
amazonaws.com:kinesis-video-archived-media,cloud
amazonaws.com:kinesis-video-media,cloud
amazonaws.com:kinesisanalytics,cloud
amazonaws.com:kinesisvideo,cloud
amazonaws.com:kms,cloud
amazonaws.com:lambda,cloud
amazonaws.com:lex-models,cloud
amazonaws.com:lightsail,cloud
amazonaws.com:logs,cloud
amazonaws.com:machinelearning,cloud
amazonaws.com:marketplacecommerceanalytics,cloud
amazonaws.com:mediaconvert,cloud
amazonaws.com:medialive,cloud
amazonaws.com:mediapackage,cloud
amazonaws.com:mediastore,cloud
amazonaws.com:mediastore-data,cloud
amazonaws.com:meteringmarketplace,cloud
amazonaws.com:mobile,cloud
amazonaws.com:mobileanalytics,cloud
amazonaws.com:monitoring,cloud
amazonaws.com:mq,cloud
amazonaws.com:mturk-requester,cloud
amazonaws.com:opsworks,cloud
amazonaws.com:opsworkscm,cloud
amazonaws.com:organizations,cloud
amazonaws.com:pinpoint,cloud
amazonaws.com:polly,cloud
amazonaws.com:pricing,cloud
amazonaws.com:rds,cloud
amazonaws.com:redshift,cloud
amazonaws.com:rekognition,cloud
amazonaws.com:resource-groups,cloud
amazonaws.com:resourcegroupstaggingapi,cloud
amazonaws.com:route53,cloud
amazonaws.com:route53domains,cloud
amazonaws.com:runtime.lex,cloud
amazonaws.com:runtime.sagemaker,cloud
amazonaws.com:s3,cloud
amazonaws.com:sagemaker,cloud
amazonaws.com:sdb,cloud
amazonaws.com:secretsmanager,cloud
amazonaws.com:serverlessrepo,cloud
amazonaws.com:servicecatalog,cloud
amazonaws.com:servicediscovery,cloud
amazonaws.com:shield,cloud
amazonaws.com:sms,cloud
amazonaws.com:snowball,cloud
amazonaws.com:sns,cloud
amazonaws.com:sqs,cloud
amazonaws.com:ssm,cloud
amazonaws.com:states,cloud
amazonaws.com:storagegateway,cloud
amazonaws.com:streams.dynamodb,cloud
amazonaws.com:sts,cloud
amazonaws.com:support,cloud
amazonaws.com:swf,cloud
amazonaws.com:transcribe,cloud
amazonaws.com:translate,cloud
amazonaws.com:waf,cloud
amazonaws.com:waf-regional,cloud
amazonaws.com:workdocs,cloud
amazonaws.com:workmail,cloud
amazonaws.com:workspaces,cloud
amazonaws.com:xray,cloud
anchore.io,developer_tools
apache.org:qakka,messaging
apacta.com,time_management
api2cart.com,ecommerce
apigee.net:marketcheck-cars,ecommerce
apimatic.io,developer_tools
apis.guru,open_data
apitore.com:documentFrequencyApis,text
apitore.com:languageDetectionApis,text
apitore.com:sentenceSeparatorApis,text
apitore.com:sentenceSimilarity,text
apitore.com:sentencepieceApis_tweet_,text
apitore.com:sentencepieceApis_wikipedia_,text
apitore.com:sentimentApis,developer_tools
apitore.com:synonymApis,text
apitore.com:tweetSummarizationApis,text
apitore.com:twitterApis,text
apitore.com:twitterApisWithSentimentByApitoreSentimentApi,text
apitore.com:twitterApisWithWord2vecQueryExpansion,text
"apitore.com:twitterApisWithWord2vecQueryExpansion,AndAddSentimentByApitoreSentimentApi",text
apitore.com:word2vecApis,text
apitore.com:wordnetApis,text
apitore.com:wordnetHypernymApis,text
apitore.com:wordnetHyponymApis,text
apitore.com:wordnetSimilarityApis,text
apitore.com:wordnetSynonymApis,text
apitore.com:wordnetTranslationApis,text
apitore.com:wordsToVectorsApis,text
appveyor.com,developer_tools
archive.org:search,search
archive.org:wayback,search
art19.com,media
ato.gov.au,financial
aucklandmuseum.com,open_data
authentiq.io,security
avaza.com,collaboration
aviationdata.systems,transport
azure.com:advisor,cloud
azure.com:analysisservices,cloud
azure.com:apimanagement,cloud
azure.com:apimanagement-apimapis,cloud
azure.com:apimanagement-apimauthorizationservers,cloud
azure.com:apimanagement-apimbackends,cloud
azure.com:apimanagement-apimcertificates,cloud
azure.com:apimanagement-apimdeployment,cloud
azure.com:apimanagement-apimdiagnostics,cloud
azure.com:apimanagement-apimemailtemplate,cloud
azure.com:apimanagement-apimgroups,cloud
azure.com:apimanagement-apimidentityprovider,cloud
azure.com:apimanagement-apimloggers,cloud
azure.com:apimanagement-apimnetworkstatus,cloud
azure.com:apimanagement-apimnotifications,cloud
azure.com:apimanagement-apimopenidconnectproviders,cloud
azure.com:apimanagement-apimproducts,cloud
azure.com:apimanagement-apimproperties,cloud
azure.com:apimanagement-apimquotas,cloud
azure.com:apimanagement-apimreports,cloud
azure.com:apimanagement-apimsubscriptions,cloud
azure.com:apimanagement-apimtagresources,cloud
azure.com:apimanagement-apimtags,cloud
azure.com:apimanagement-apimtenant,cloud
azure.com:apimanagement-apimusers,cloud
azure.com:apimanagement-apimversionsets,cloud
azure.com:applicationinsights-aiOperations_API,cloud
azure.com:applicationinsights-componentAnnotations_API,cloud
azure.com:applicationinsights-componentApiKeys_API,cloud
azure.com:applicationinsights-componentContinuousExport_API,cloud
azure.com:applicationinsights-componentFeaturesAndPricing_API,cloud
azure.com:applicationinsights-componentProactiveDetection_API,cloud
azure.com:applicationinsights-componentWorkItemConfigs_API,cloud
azure.com:applicationinsights-components_API,cloud
azure.com:applicationinsights-favorites_API,cloud
azure.com:applicationinsights-webTestLocations_API,cloud
azure.com:applicationinsights-webTests_API,cloud
azure.com:authorization,cloud
azure.com:authorization-authorization-ClassicAdminCalls,cloud
azure.com:authorization-authorization-RACalls,cloud
azure.com:authorization-authorization-RoleBasedCalls,cloud
azure.com:automation-account,cloud
azure.com:automation-certificate,cloud
azure.com:automation-connection,cloud
azure.com:automation-connectionType,cloud
azure.com:automation-credential,cloud
azure.com:automation-dscCompilationJob,cloud
azure.com:automation-dscConfiguration,cloud
azure.com:automation-dscNode,cloud
azure.com:automation-dscNodeConfiguration,cloud
azure.com:automation-hybridRunbookWorkerGroup,cloud
azure.com:automation-job,cloud
azure.com:automation-jobSchedule,cloud
azure.com:automation-linkedWorkspace,cloud
azure.com:automation-module,cloud
azure.com:automation-runbook,cloud
azure.com:automation-schedule,cloud
azure.com:automation-softwareUpdateConfiguration,cloud
azure.com:automation-softwareUpdateConfigurationMachineRun,cloud
azure.com:automation-softwareUpdateConfigurationRun,cloud
azure.com:automation-sourceControl,cloud
azure.com:automation-sourceControlSyncJob,cloud
azure.com:automation-variable,cloud
azure.com:automation-webhook,cloud
azure.com:azsadmin-Alert,cloud
azure.com:azsadmin-CommerceAdmin,cloud
azure.com:azsadmin-EdgeGateway,cloud
azure.com:azsadmin-EdgeGatewayPool,cloud
azure.com:azsadmin-FabricLocation,cloud
azure.com:azsadmin-FileShare,cloud
azure.com:azsadmin-InfraRole,cloud
azure.com:azsadmin-InfraRoleInstance,cloud
azure.com:azsadmin-IpPool,cloud
azure.com:azsadmin-LogicalNetwork,cloud
azure.com:azsadmin-LogicalSubnet,cloud
azure.com:azsadmin-MacAddressPool,cloud
azure.com:azsadmin-Operations,cloud
azure.com:azsadmin-RegionHealth,cloud
azure.com:azsadmin-ResourceHealth,cloud
azure.com:azsadmin-ScaleUnit,cloud
azure.com:azsadmin-ScaleUnitNode,cloud
azure.com:azsadmin-ServiceHealth,cloud
azure.com:azsadmin-SlbMuxInstance,cloud
azure.com:azsadmin-StoragePool,cloud
azure.com:azsadmin-StorageSystem,cloud
azure.com:azsadmin-Volume,cloud
azure.com:azurestack-AzureStack,cloud
azure.com:azurestack-CustomerSubscription,cloud
azure.com:azurestack-Product,cloud
azure.com:azurestack-Registration,cloud
azure.com:batch-BatchManagement,cloud
azure.com:batchai-BatchAI,cloud
azure.com:billing,cloud
azure.com:cdn,cloud
azure.com:cognitiveservices,cloud
azure.com:cognitiveservices-ComputerVision,cloud
azure.com:cognitiveservices-ContentModerator,cloud
azure.com:cognitiveservices-Face,cloud
azure.com:cognitiveservices-LUIS-Programmatic,cloud
azure.com:cognitiveservices-LUIS-Runtime,cloud
azure.com:cognitiveservices-TextAnalytics,cloud
azure.com:commerce,cloud
azure.com:compute,cloud
azure.com:compute-containerService,cloud
azure.com:compute-disk,cloud
azure.com:compute-runCommands,cloud
azure.com:compute-skus,cloud
azure.com:compute-swagger,cloud
azure.com:consumption,cloud
azure.com:containerinstance-containerInstance,cloud
azure.com:containerregistry,cloud
azure.com:containerservices-containerService,cloud
azure.com:containerservices-location,cloud
azure.com:containerservices-managedClusters,cloud
azure.com:cosmos-db,cloud
azure.com:customer-insights,cloud
azure.com:datacatalog,cloud
azure.com:datafactory,cloud
azure.com:datalake-analytics-account,cloud
azure.com:datalake-analytics-catalog,cloud
azure.com:datalake-analytics-job,cloud
azure.com:datalake-store-account,cloud
azure.com:datalake-store-filesystem,cloud
azure.com:datamigration,cloud
azure.com:deviceprovisioningservices-iotdps,cloud
azure.com:devtestlabs-DTL,cloud
azure.com:dns,cloud
azure.com:domainservices,cloud
azure.com:eventgrid-EventGrid,cloud
azure.com:eventhub-EventHub,cloud
azure.com:hanaonazure,cloud
azure.com:hdinsight-applications,cloud
azure.com:hdinsight-capabilities,cloud
azure.com:hdinsight-cluster,cloud
azure.com:hdinsight-configurations,cloud
azure.com:hdinsight-extensions,cloud
azure.com:hdinsight-operations,cloud
azure.com:hdinsight-scriptActions,cloud
azure.com:intune,cloud
azure.com:iothub,cloud
azure.com:keyvault,cloud
azure.com:keyvault-providers,cloud
azure.com:keyvault-secrets,cloud
azure.com:locationbasedservices,cloud
azure.com:logic,cloud
azure.com:machinelearning-commitmentPlans,cloud
azure.com:machinelearning-webservices,cloud
azure.com:machinelearning-workspaces,cloud
azure.com:machinelearningcompute-machineLearningCompute,cloud
azure.com:machinelearningexperimentation-machineLearningExperimentation,cloud
azure.com:managementgroups-management,cloud
azure.com:managementpartner-ManagementPartner,cloud
azure.com:marketplaceordering-Agreements,cloud
azure.com:mediaservices-media,cloud
azure.com:migrate,cloud
azure.com:mobileengagement-mobile-engagement,cloud
azure.com:monitor-actionGroups_API,cloud
azure.com:monitor-activityLogAlerts_API,cloud
azure.com:monitor-activityLogs_API,cloud
azure.com:monitor-alertRulesIncidents_API,cloud
azure.com:monitor-alertRules_API,cloud
azure.com:monitor-autoscale_API,cloud
azure.com:monitor-baseline_API,cloud
azure.com:monitor-calculateBaseline_API,cloud
azure.com:monitor-diagnosticsSettingsCategories_API,cloud
azure.com:monitor-diagnosticsSettings_API,cloud
azure.com:monitor-eventCategories_API,cloud
azure.com:monitor-logProfiles_API,cloud
azure.com:monitor-metricDefinitions_API,cloud
azure.com:monitor-metrics_API,cloud
azure.com:monitor-operations_API,cloud
azure.com:monitor-serviceDiagnosticsSettings_API,cloud
azure.com:monitor-tenantActivityLogs_API,cloud
azure.com:msi-ManagedIdentity,cloud
azure.com:mysql,cloud
azure.com:network,cloud
azure.com:network-applicationGateway,cloud
azure.com:network-applicationSecurityGroup,cloud
azure.com:network-checkDnsAvailability,cloud
azure.com:network-endpointService,cloud
azure.com:network-expressRouteCircuit,cloud
azure.com:network-loadBalancer,cloud
azure.com:network-networkInterface,cloud
azure.com:network-networkSecurityGroup,cloud
azure.com:network-networkWatcher,cloud
azure.com:network-operation,cloud
azure.com:network-publicIpAddress,cloud
azure.com:network-routeFilter,cloud
azure.com:network-routeTable,cloud
azure.com:network-serviceCommunity,cloud
azure.com:network-usage,cloud
azure.com:network-virtualNetwork,cloud
azure.com:network-virtualNetworkGateway,cloud
azure.com:network-vmssNetworkInterface,cloud
azure.com:network-vmssPublicIpAddress,cloud
azure.com:notificationhubs,cloud
azure.com:operationalinsights-OperationalInsights,cloud
azure.com:operationsmanagement-OperationsManagement,cloud
azure.com:policyinsights-policyEvents,cloud
azure.com:policyinsights-policyStates,cloud
azure.com:postgresql,cloud
azure.com:powerbidedicated,cloud
azure.com:powerbiembedded,cloud
azure.com:provisioningservices-iotdps,cloud
azure.com:recoveryservices-backup,cloud
azure.com:recoveryservices-registeredidentities,cloud
azure.com:recoveryservices-replicationusages,cloud
azure.com:recoveryservices-vaults,cloud
azure.com:recoveryservices-vaultusages,cloud
azure.com:recoveryservicesbackup,cloud
azure.com:recoveryservicesbackup-backupManagement,cloud
azure.com:recoveryservicesbackup-bms,cloud
azure.com:recoveryservicesbackup-jobs,cloud
azure.com:recoveryservicesbackup-operations,cloud
azure.com:recoveryservicesbackup-registeredIdentities,cloud
azure.com:recoveryservicessiterecovery-service,cloud
azure.com:redis,cloud
azure.com:relay,cloud
azure.com:reservations,cloud
azure.com:resourcehealth,cloud
azure.com:resources,cloud
azure.com:resources-features,cloud
azure.com:resources-links,cloud
azure.com:resources-locks,cloud
azure.com:resources-managedapplications,cloud
azure.com:resources-management,cloud
azure.com:resources-policy,cloud
azure.com:resources-policyAssignments,cloud
azure.com:resources-policyDefinitions,cloud
azure.com:resources-policySetDefinitions,cloud
azure.com:resources-subscriptions,cloud
azure.com:scheduler,cloud
azure.com:search,cloud
azure.com:search-searchindex,cloud
azure.com:search-searchservice,cloud
azure.com:servermanagement,cloud
azure.com:service-map-arm-service-map,cloud
azure.com:servicebus,cloud
azure.com:servicefabric,cloud
azure.com:sql-Databases,cloud
azure.com:sql-advisors,cloud
azure.com:sql-backupLongTermRetentionPolicies,cloud
azure.com:sql-backupLongTermRetentionVaults,cloud
azure.com:sql-backups,cloud
azure.com:sql-blobAuditingPolicies,cloud
azure.com:sql-cancelOperations,cloud
azure.com:sql-cancelPoolOperations,cloud
azure.com:sql-capabilities,cloud
azure.com:sql-checkNameAvailability,cloud
azure.com:sql-connectionPolicies,cloud
azure.com:sql-dataMasking,cloud
azure.com:sql-dataWarehouseUserActivities,cloud
azure.com:sql-databaseAutomaticTuning,cloud
azure.com:sql-databaseSecurityAlertPolicies,cloud
azure.com:sql-databases,cloud
azure.com:sql-deprecated,cloud
azure.com:sql-disasterRecoveryConfigurations,cloud
azure.com:sql-elasticPools,cloud
azure.com:sql-encryptionProtectors,cloud
azure.com:sql-failoverGroups,cloud
azure.com:sql-firewallRules,cloud
azure.com:sql-geoBackupPolicies,cloud
azure.com:sql-importExport,cloud
azure.com:sql-managedDatabases,cloud
azure.com:sql-metrics,cloud
azure.com:sql-operations,cloud
azure.com:sql-queries,cloud
azure.com:sql-renameDatabase,cloud
azure.com:sql-replicationLinks,cloud
azure.com:sql-restorePoints,cloud
azure.com:sql-serverAutomaticTuning,cloud
azure.com:sql-serverAzureADAdministrators,cloud
azure.com:sql-serverCommunicationLinks,cloud
azure.com:sql-serverDnsAliases,cloud
azure.com:sql-serverKeys,cloud
azure.com:sql-servers,cloud
azure.com:sql-serviceObjectives,cloud
azure.com:sql-sql.core,cloud
azure.com:sql-syncAgents,cloud
azure.com:sql-syncGroups,cloud
azure.com:sql-syncMembers,cloud
azure.com:sql-tableAuditing,cloud
azure.com:sql-usages,cloud
azure.com:sql-virtualNetworkRules,cloud
azure.com:storage,cloud
azure.com:storageimportexport,cloud
azure.com:storsimple8000series-storsimple,cloud
azure.com:streamanalytics-functions,cloud
azure.com:streamanalytics-inputs,cloud
azure.com:streamanalytics-outputs,cloud
azure.com:streamanalytics-streamingjobs,cloud
azure.com:streamanalytics-subscriptions,cloud
azure.com:streamanalytics-transformations,cloud
azure.com:subscription-subscriptionDefinitions,cloud
azure.com:timeseriesinsights,cloud
azure.com:trafficmanager,cloud
azure.com:trafficmanager-trafficmanageranalytics,cloud
azure.com:visualstudio-Csm,cloud
azure.com:web-AppServiceCertificateOrders,cloud
azure.com:web-AppServiceEnvironments,cloud
azure.com:web-AppServicePlans,cloud
azure.com:web-CertificateRegistrationProvider,cloud
azure.com:web-Certificates,cloud
azure.com:web-DeletedWebApps,cloud
azure.com:web-Diagnostics,cloud
azure.com:web-DomainRegistrationProvider,cloud
azure.com:web-Domains,cloud
azure.com:web-Provider,cloud
azure.com:web-Recommendations,cloud
azure.com:web-ResourceProvider,cloud
azure.com:web-TopLevelDomains,cloud
azure.com:web-WebApps,cloud
azure.com:web-logicAppsManagementClient,cloud
azure.com:web-service,cloud
bbc.co.uk,media
bbc.com,media
bbci.co.uk,media
bclaws.ca:bclaws,open_data
beanstream.com,payment
beezup.com,ecommerce
betfair.com,entertainment
bhagavadgita.io,open_data
bikewise.org,open_data
bitbucket.org,developer_tools
blazemeter.com,developer_tools
bluemix.net:containers,developer_tools
botify.com,analytics
box.com:authorization,cloud
box.com:content,cloud
box.com:token,cloud
box.com:upload,cloud
brandlovers.com,ecommerce
brex.io,financial
browshot.com,tools
bufferapp.com,social
bulksms.com,telecom
bungie.net,media
callfire.com,telecom
carbondoomsday.com,open_data
ccp.is,media
channel4.com,media
circleci.com,developer_tools
circuitsandbox.net,messaging
cisco.com,security
citrixonline.com:gotomeeting,collaboration
citycontext.com,open_data
clarify.io,search
clever-cloud.com,cloud
clever.com,education
clickmeter.com,marketing
cloudmersive.com:ocr,text
cnab-online.herokuapp.com,financial
code-scan.com,developer_tools
consumerfinance.gov,financial
core.ac.uk,open_data
cybertaxonomy.eu,open_data
dataatwork.org,open_data
datumbox.com,machine_learning
deeparteffects.com,media
deutschebahn.com:betriebsstellen,transport
deutschebahn.com:fahrplan,transport
deutschebahn.com:fasta,transport
deutschebahn.com:flinkster,transport
deutschebahn.com:reisezentren,transport
deutschebahn.com:stada,transport
digitallinguistics.io,text
docker.com:engine,developer_tools
docusign.net,ecommerce
domainsdb.info,hosting
dracoon.team,cloud
dropx.io,ecommerce
dweet.io,iot
ebay.com:buy-browse,ecommerce
ebay.com:buy-feed,ecommerce
ebay.com:buy-marketing,ecommerce
ebay.com:commerce-taxonomy,ecommerce
ebay.com:sell-fulfillment,ecommerce
envoice.in,financial
epa.gov:air,open_data
epa.gov:case,open_data
epa.gov:cwa,open_data
epa.gov:dfr,open_data
epa.gov:echo,open_data
epa.gov:eff,open_data
epa.gov:rcra,open_data
epa.gov:sdw,open_data
etmdb.com,media
europeana.eu,open_data
exavault.com,storage
fantasydata.net:cbb-v3-scores,entertainment
fantasydata.net:cbb-v3-stats,entertainment
fantasydata.net:cfb-v3-scores,entertainment
fantasydata.net:golf-v2,entertainment
fantasydata.net:mlb-v3-play-by-play,entertainment
fantasydata.net:mlb-v3-projections,entertainment
fantasydata.net:mlb-v3-projections-dfsr,entertainment
fantasydata.net:mlb-v3-rotoballer-articles,entertainment
fantasydata.net:mlb-v3-rotoballer-premium-news,entertainment
fantasydata.net:mlb-v3-scores,entertainment
fantasydata.net:mlb-v3-stats,entertainment
fantasydata.net:nascar-v2,entertainment
fantasydata.net:nba-v3-play-by-play,entertainment
fantasydata.net:nba-v3-projections,entertainment
fantasydata.net:nba-v3-rotoballer-articles,entertainment
fantasydata.net:nba-v3-rotoballer-premium-news,entertainment
fantasydata.net:nba-v3-scores,entertainment
fantasydata.net:nba-v3-stats,entertainment
fantasydata.net:nfl-v3-play-by-play,entertainment
fantasydata.net:nfl-v3-projections,entertainment
fantasydata.net:nfl-v3-projections-dfsr,entertainment
fantasydata.net:nfl-v3-rotoballer-articles,entertainment
fantasydata.net:nfl-v3-rotoballer-premium-news,entertainment
fantasydata.net:nfl-v3-scores,entertainment
fantasydata.net:nfl-v3-stats,entertainment
fantasydata.net:nhl-v3-play-by-play,entertainment
fantasydata.net:nhl-v3-projections,entertainment
fantasydata.net:nhl-v3-scores,entertainment
fantasydata.net:nhl-v3-stats,entertainment
fantasydata.net:soccer-v3-projections,entertainment
fantasydata.net:soccer-v3-scores,entertainment
fantasydata.net:soccer-v3-stats,entertainment
figshare.com,open_data
firebrowse.org,open_data
flat.io,media
flickr.com,media
formapi.io,text
freesound.org,media
funtranslations.com,text
furkot.com,location
geneea.com,text
getsandbox.com,developer_tools
gettyimages.com,media
giphy.com,media
gisgraphy.com,location
github.com,collaboration
gitlab.com,developer_tools
googleapis.com:admin,analytics
googleapis.com:analytics,analytics
googleapis.com:analyticsreporting,analytics
googleapis.com:androidpublisher,developer_tools
googleapis.com:bigquery,search
googleapis.com:blogger,social
googleapis.com:books,media
googleapis.com:calendar,time_management
googleapis.com:classroom,education
googleapis.com:cloudkms,security
googleapis.com:cloudmonitoring,monitoring
googleapis.com:content,ecommerce
googleapis.com:customsearch,search
googleapis.com:datastore,storage
googleapis.com:discovery,developer_tools
googleapis.com:dlp,cloud
googleapis.com:dns,cloud
googleapis.com:doubleclickbidmanager,marketing
googleapis.com:doubleclicksearch,marketing
googleapis.com:drive,storage
googleapis.com:firebasedynamiclinks,backend
googleapis.com:firebaseremoteconfig,backend
googleapis.com:firebaserules,backend
googleapis.com:firestore,backend
googleapis.com:fusiontables,cloud
googleapis.com:games,social
googleapis.com:gamesConfiguration,social
googleapis.com:gamesManagement,social
googleapis.com:gmail,email
googleapis.com:groupsmigration,cloud
googleapis.com:groupssettings,cloud
googleapis.com:iam,security
googleapis.com:identitytoolkit,security
googleapis.com:kgsearch,search
googleapis.com:language,text
googleapis.com:licensing,enterprise
googleapis.com:logging,cloud
googleapis.com:manufacturers,marketing
googleapis.com:ml,machine_learning
googleapis.com:monitoring,monitoring
googleapis.com:oauth2,security
googleapis.com:oslogin,backend
googleapis.com:pagespeedonline,tools
googleapis.com:people,social
googleapis.com:playcustomapp,developer_tools
googleapis.com:playmoviespartner,media
googleapis.com:plus,social
googleapis.com:plusDomains,social
googleapis.com:prediction,machine_learning
googleapis.com:proximitybeacon,iot
googleapis.com:pubsub,messaging
googleapis.com:replicapool,backend
googleapis.com:replicapoolupdater,backend
googleapis.com:reseller,enterprise
googleapis.com:resourceviews,backend
googleapis.com:runtimeconfig,cloud
googleapis.com:safebrowsing,security
googleapis.com:script,cloud
googleapis.com:searchconsole,search
googleapis.com:servicecontrol,cloud
googleapis.com:servicemanagement,cloud
googleapis.com:serviceuser,cloud
googleapis.com:sheets,cloud
googleapis.com:siteVerification,developer_tools
googleapis.com:slides,cloud
googleapis.com:sourcerepo,developer_tools
googleapis.com:spanner,backend
googleapis.com:spectrum,telecom
googleapis.com:speech,machine_learning
googleapis.com:sqladmin,backend
googleapis.com:storage,storage
googleapis.com:storagetransfer,storage
googleapis.com:streetviewpublish,location
googleapis.com:tagmanager,analytics
googleapis.com:taskqueue,backend
googleapis.com:tasks,time_management
googleapis.com:testing,developer_tools
googleapis.com:translate,text
googleapis.com:urlshortener,tools
googleapis.com:vault,storage
googleapis.com:videointelligence,media
googleapis.com:vision,machine_learning
googleapis.com:webfonts,developer_tools
googleapis.com:webmasters,search
googleapis.com:youtube,media
googleapis.com:youtubeAnalytics,analytics
googleapis.com:youtubereporting,analytics
gov.bc.ca:bcdc,open_data
gov.bc.ca:bcgnws,open_data
gov.bc.ca:geocoder,open_data
gov.bc.ca:geomark,open_data
gov.bc.ca:gwells,open_data
gov.bc.ca:jobposting,open_data
gov.bc.ca:news,open_data
gov.bc.ca:open511,open_data
gov.bc.ca:router,open_data
graphhopper.com,location
greenpeace.org,collaboration
hackathonwatch.com,social
haloapi.com:metadata,entertainment
haloapi.com:profile,entertainment
haloapi.com:stats,entertainment
haloapi.com:ugc,entertainment
healthcare.gov,open_data
hhs.gov,open_data
highwaysengland.co.uk,open_data
hillbillysoftware.com:shinobi,media
hsbc.com,financial
icons8.com,media
idtbeyond.com,telecom
ijenko.net,iot
illumidesk.com,open_data
import.io:data,tools
import.io:extraction,tools
import.io:rss,tools
import.io:run,tools
import.io:schedule,tools
inboxroute.com,email
instagram.com,social
instawell.com,social
iqualify.com,education
isbndb.com,open_data
isendpro.com,messaging
iva-api.com,media
je-apis.com,ecommerce
jirafe.com,marketing
jumpseller.com,ecommerce
just-eat.co.uk,ecommerce
koomalooma.com,ecommerce
kubernetes.io,developer_tools
landregistry.gov.uk:deed,open_data
launchdarkly.com,developer_tools
learnifier.com,education
letmc.com:basic-tier,ecommerce
letmc.com:customer,ecommerce
letmc.com:diary,ecommerce
letmc.com:free-tier,ecommerce
letmc.com:maintenance,ecommerce
letmc.com:reporting,ecommerce
link.fish,developer_tools
lotadata.com,location
lufthansa.com:partner,transport
lufthansa.com:public,transport
lyft.com,location
magento.com,ecommerce
magick.nu,financial
mandrillapp.com,email
mashape.com:geodb,developer_tools
mcw.edu,open_data
medium.com,media
miataru.com,location
microsoft.com:cognitiveservices-CustomSearch,cloud
microsoft.com:cognitiveservices-EntitySearch,cloud
microsoft.com:cognitiveservices-ImageSearch,cloud
microsoft.com:cognitiveservices-NewsSearch,cloud
microsoft.com:cognitiveservices-Prediction,cloud
microsoft.com:cognitiveservices-SpellCheck,cloud
microsoft.com:cognitiveservices-Training,cloud
microsoft.com:cognitiveservices-VideoSearch,cloud
microsoft.com:cognitiveservices-WebSearch,cloud
motaword.com,text
mozilla.com:kinto,cloud
nativeads.com,marketing
naviplancentral.com:factfinder,financial
naviplancentral.com:plan,financial
nba.com,media
neowsapp.com,open_data
netatmo.net,iot
netlicensing.io,developer_tools
netlify.com,cloud
neutrinoapi.com,email
nfusionsolutions.biz,financial
noosh.com,collaboration
npr.org,media
nrel.gov:building-case-studies,open_data
nrel.gov:transportation-incentives-laws,open_data
nsidc.org,open_data
nytimes.com:archive,media
nytimes.com:article_search,media
nytimes.com:books_api,media
nytimes.com:community,media
nytimes.com:geo_api,media
nytimes.com:most_popular_api,media
nytimes.com:movie_reviews,media
nytimes.com:semantic_api,media
nytimes.com:times_tags,media
nytimes.com:timeswire,media
nytimes.com:top_stories,media
o2.cz:mobility,telecom
o2.cz:sociodemo,telecom
oceandrivers.com,open_data
omdbapi.com,media
openapi-converter.herokuapp.com,developer_tools
openbanking.org.uk,financial
opencagedata.com,location
opendatanetwork.com,open_data
opendatasoft.com,open_data
openfintech.io,financial
openstf.io,telecom
opentargets.io,open_data
osf.io,open_data
osisoft.com,enterprise
owler.com,search
oxforddictionaries.com,text
paccurate.io,transport
pandorabots.com,machine_learning
passwordutility.net,security
paylocity.com,financial
payments.service.gov.uk:payments,financial
payrun.io,financial
peel-ci.com,media
personio.de:authentication,enterprise
personio.de:personnel,enterprise
phila.gov:pollingplaces,open_data
polygon.io,financial
postmarkapp.com:account,email
postmarkapp.com:server,email
posty-api.herokuapp.com,email
ptv.vic.gov.au,transport
qualpay.com,ecommerce
quotes.rest,open_data
rbaskets.in,developer_tools
rebilly.com,payment
receptive.io,ecommerce
refugerestrooms.org,open_data
reverb.com,ecommerce
ritc.io,cloud
ritekit.com,social
roaring.io,customer_relation
rottentomatoes.com,media
rummblelabs.com,machine_learning
runscope.com,developer_tools
salesloft.com,customer_relation
schooldigger.com,open_data
scrapewebsite.email,email
selectpdf.com,text
semantria.com,social
sendgrid.com,email
shipstation.com,ecommerce
slack.com,collaboration
slicebox.local,collaboration
smart-me.com,iot
spectrocoin.com,ecommerce
spinitron.com,media
spotify.com,media
squareup.com,payment
stackexchange.com,collaboration
staging-ecotaco.com,location
statsocial.com,social
stoplight.io,developer_tools
storecove.com,financial
stormglass.io,location
stripe.com,financial
surrey.ca:open511,open_data
surrey.ca:trafficloops,open_data
swagger.io:generator,developer_tools
swaggerhub.com,developer_tools
synq.fm,media
taggun.io,text
taxamo.com,payment
taxrates.io,financial
tfl.gov.uk,transport
thenounproject.com,media
thesmsworks.co.uk,messaging
thetvdb.com,media
traccar.org,location
transavia.com,transport
trello.com,collaboration
turbinelabs.io,cloud
tvmaze.com,media
twilio.com,telecom
twinehealth.com,support
twitter.com,social
tyk.com,enterprise
uebermaps.com,location
vatapi.com,financial
versioneye.com,open_data
vestorly.com,marketing
victorops.com,developer_tools
visagecloud.com,search
vocadb.net,media
voodoomfg.com,tools
waag.org,open_data
walmart.com:inventory,ecommerce
walmart.com:item,ecommerce
walmart.com:order,ecommerce
walmart.com:price,ecommerce
watchful.li,hosting
waterlinked.com,location
wavecell.com,messaging
wealthport.com,analytics
weatherbit.io,location
weber-gesamtausgabe.de,open_data
whapi.com:accounts,entertainment
whapi.com:bets,entertainment
whapi.com:locations,entertainment
whapi.com:numbers,entertainment
whapi.com:sessions,entertainment
whapi.com:sportsdata,entertainment
who-hosts-this.com,hosting
wikimedia.org,media
windows.net:batch-BatchService,cloud
windows.net:graphrbac,cloud
winning.email,email
winsms.co.za,messaging
wmata.com:bus-realtime,transport
wmata.com:bus-route,transport
wmata.com:incidents,transport
wmata.com:rail-realtime,transport
wmata.com:rail-station,transport
wordassociations.net,text
wordnik.com,text
wowza.com,media
wso2apistore.com:transform,developer_tools
xero.com,financial
xkcd.com,media
yunbi.com,financial
zalando.com,ecommerce
zappiti.com,media
zoom.us,telecom
zoomconnect.com,messaging
zuora.com,financial
